,Unnamed: 0,id,first name,last name,email,hours at pycon,nationality,satisfaction,next project successful
0,0,0,Ivett,Herrera,.@yopmail.com,15.0,Lesotho,4,0
1,1,1,Willetta,Gino,.@yopmail.com,18.0,Niger,9,1
2,2,2,Felice,Delacourt,.@yopmail.com,13.0,Canada,3,0
3,3,3,Riannon,Crudden,.@yopmail.com,14.0,Tunisia,6,0
4,4,4,Mildrid,Yorick,.@yopmail.com,20.0,Colombia,8,1
5,5,5,Daune,Dyche,.@yopmail.com,2.0,Finland,5,0
6,6,6,Rosabelle,Orlene,.@yopmail.com,10.0,Sri Lanka,2,0
7,6,6,Rosabelle,Orlene,.@yopmail.com,10.0,Sri Lanka,9,0
8,7,7,Ulrike,Felecia,.@yopmail.com,1.0,Ethiopia,1,0
9,8,8,Rayna,Brieta,.@yopmail.com,21.0,Ecuador,8,1
10,9,9,Jolyn,Uund,.@yopmail.com,16.0,Cape Verde,8,0
11,10,10,Giustina,Gino,.@yopmail.com,6.0,Seychelles,3,0
12,11,11,Aurelie,Lenny,.@yopmail.com,14.0,AndorrA,7,0
13,12,12,Shirlee,Santoro,,9.0,Samoa,6,0
14,13,13,Halette,Hollingsworth,.@yopmail.com,4.0,Sweden,2,0
15,14,14,Therine,Kress,.@yopmail.com,7.0,Guam,3,0
16,15,15,Lenna,Janene,.@yopmail.com,6.0,"Palestinian Territory, Occupied",7,0
17,16,16,Lory,Lindemann,.@yopmail.com,10.0,Heard Island and Mcdonald Islands,1,0
18,17,17,Eugine,Michella,,10.0,Tonga,2,0
19,18,18,Ilse,Cloris,.@yopmail.com,10.0,Lithuania,7,0
20,19,19,Lilith,Merat,.@yopmail.com,11.0,Jamaica,7,0
21,20,20,Marleah,Matthew,.@yopmail.com,23.0,Bangladesh,9,1
22,21,21,Eve,Donoghue,.@yopmail.com,22.0,Niger,9,1
23,22,22,Molli,Armanda,,6.0,Turkmenistan,7,0
24,23,23,Lila,Ventre,.@yopmail.com,19.0,Canada,8,1
25,24,24,Jinny,Natalia,.@yopmail.com,13.0,Reunion,9,0
26,25,25,Alex,Diann,.@yopmail.com,19.0,Bahrain,8,1
27,26,26,Jessy,Clywd,.@yopmail.com,5.0,Uzbekistan,6,0
28,27,27,Noelle,Lacombe,.@yopmail.com,3.0,Colombia,4,0
29,28,28,Trudie,Maryanne,.@yopmail.com,2.0,Bahrain,8,0
30,29,29,Lila,Tyson,.@yopmail.com,12.0,Fiji,7,0
31,30,30,Oona,Fillbert,.@yopmail.com,8.0,Zambia,6,0
32,31,31,Debee,Susannah,.@yopmail.com,18.0,Luxembourg,8,1
33,32,32,Heida,Zola,.@yopmail.com,10.0,Maldives,1,0
34,33,33,Deirdre,Lane,.@yopmail.com,7.0,Belarus,5,0
35,34,34,Melanie,Garek,.@yopmail.com,20.0,Togo,9,1
36,35,35,Kial,Jobi,.@yopmail.com,1.0,Malta,6,0
37,36,36,Shel,Maiah,.@yopmail.com,21.0,Iceland,8,1
38,37,37,Marline,Oneida,.@yopmail.com,17.0,Anguilla,8,0
39,38,38,Maurene,Edmund,.@yopmail.com,15.0,Greece,5,0
40,39,39,Chloris,Michella,.@yopmail.com,23.0,Greece,9,1
41,40,40,Dede,Sinegold,.@yopmail.com,15.0,Liechtenstein,3,0
42,41,41,Olwen,Juan,.@yopmail.com,6.0,Liberia,6,0
43,42,42,Lily,Roscoe,.@yopmail.com,3.0,Greece,2,0
44,43,43,Rebeca,Nikaniki,.@yopmail.com,2.0,Haiti,3,0
45,44,44,Alia,Aldric,.@yopmail.com,22.0,Luxembourg,9,1
46,45,45,Jordan,Laurianne,.@yopmail.com,6.0,Mauritania,9,0
47,46,46,Ricky,Joachim,.@yopmail.com,24.0,San Marino,8,1
48,47,47,Mary,Kelula,.@yopmail.com,7.0,Chile,4,0
49,48,48,Ethel,Vharat,.@yopmail.com,12.0,Niue,8,0
50,49,49,Roslyn,Maribeth,.@yopmail.com,1.0,Fiji,3,0
51,50,50,Evaleen,Persse,.@yopmail.com,4.0,Sierra Leone,5,0
52,51,51,Rozele,Sophronia,.@yopmail.com,18.0,Bangladesh,8,1
53,52,52,Linet,Norrie,.@yopmail.com,7.0,Cocos (Keeling) Islands,3,0
54,6,6,Rosabelle,Orlene,.@yopmail.com,10.0,Sri Lanka,7,0
55,53,53,Shel,Elisha,.@yopmail.com,14.0,Guyana,9,0
56,54,54,Gilligan,Nisbet,.@yopmail.com,13.0,British Indian Ocean Territory,2,0
57,55,55,,Buckler,.@yopmail.com,22.0,United Arab Emirates,8,1
58,56,56,Gwyneth,Hewitt,.@yopmail.com,15.0,France,6,0
59,57,57,Viviene,McLaughlin,.@yopmail.com,10.0,Holy See (Vatican City State),5,0
60,58,58,Dorene,Payson,.@yopmail.com,12.0,Burkina Faso,4,0
61,59,59,Carlie,Uird,.@yopmail.com,12.0,Spain,6,0
62,60,60,Aaren,Rurik,.@yopmail.com,8.0,Bahrain,9,0
63,61,61,,Eiser,.@yopmail.com,7.0,Sao Tome and Principe,5,0
64,62,62,Joane,Bevin,.@yopmail.com,12.0,El Salvador,2,0
65,63,63,Charlena,Alice,.@yopmail.com,20.0,Cape Verde,8,1
66,64,64,Gianina,Sandye,.@yopmail.com,18.0,American Samoa,9,1
67,65,65,Jeanna,Neva,.@yopmail.com,18.0,Gambia,8,1
68,66,66,Etta,Remmer,.@yopmail.com,22.0,Sweden,9,1
69,67,67,Kalina,Vittoria,.@yopmail.com,19.0,"Korea, Republic of",8,1
70,68,68,Randa,Anis,.@yopmail.com,24.0,Luxembourg,9,1
71,69,69,Inga,Elvyn,.@yopmail.com,18.0,Bermuda,9,1
72,70,70,Elvira,Ingra,.@yopmail.com,17.0,Guadeloupe,8,0
73,71,71,Myrtice,Nicoline,.@yopmail.com,17.0,India,8,0
74,72,72,Genovera,Lamoree,.@yopmail.com,17.0,Northern Mariana Islands,8,0
75,73,73,Ruthe,Erminia,.@yopmail.com,8.0,Honduras,6,0
76,74,74,Cissiee,Bury,.@yopmail.com,6.0,Chile,8,0
77,75,75,Madeleine,Ellord,.@yopmail.com,14.0,Afghanistan,3,0
78,76,76,Eadie,Levey,.@yopmail.com,9.0,Cape Verde,9,0
79,77,77,Adele,Jaylene,.@yopmail.com,7.0,,3,0
80,78,78,Dale,Lay,.@yopmail.com,6.0,French Guiana,3,0
81,79,79,Micheline,Willie,.@yopmail.com,10.0,"Macedonia, The Former Yugoslav Republic of",8,0
82,80,80,Joane,Campball,.@yopmail.com,6.0,Togo,2,0
83,81,81,Winny,Gert,.@yopmail.com,7.0,"Micronesia, Federated States of",5,0
84,82,82,Meriel,Taam,.@yopmail.com,,Georgia,9,0
85,83,83,Britte,Dosia,.@yopmail.com,15.0,"Virgin Islands, British",5,0
86,84,84,Corry,Hillel,.@yopmail.com,23.0,Luxembourg,8,1
87,85,85,Misha,Hedve,,10.0,Latvia,6,0
88,86,86,Lucy,Helve,.@yopmail.com,19.0,Argentina,8,1
89,87,87,Katleen,Ricki,.@yopmail.com,13.0,Central African Republic,2,0
90,88,88,Silvana,Sisile,.@yopmail.com,12.0,Montserrat,8,0
91,89,89,Aili,Mich,.@yopmail.com,1.0,Cyprus,1,0
92,90,90,Lyssa,Zrike,.@yopmail.com,8.0,Cuba,1,0
93,91,91,Elka,Quinn,.@yopmail.com,11.0,Haiti,3,0
94,92,92,Estell,Berne,.@yopmail.com,12.0,Malawi,6,0
95,93,93,Sue,Pond,.@yopmail.com,12.0,Pitcairn,4,0
96,94,94,Margette,Colyer,.@yopmail.com,16.0,Saudi Arabia,9,0
97,95,95,Nerta,Himelman,.@yopmail.com,9.0,Madagascar,8,0
98,96,96,Andeee,Kolnick,.@yopmail.com,7.0,"Palestinian Territory, Occupied",2,0
99,97,97,Gilda,Alwin,.@yopmail.com,18.0,Antigua and Barbuda,8,1
100,98,98,Nessie,Huggins,.@yopmail.com,22.0,Kuwait,9,1
101,99,99,Dyann,Faria,.@yopmail.com,4.0,Tokelau,6,0
102,100,100,Jacquetta,Mallon,.@yopmail.com,9.0,Malawi,3,0
103,101,101,Letizia,Decato,.@yopmail.com,19.0,Panama,9,1
104,102,102,Georgina,Irmine,.@yopmail.com,19.0,Gabon,8,1
105,103,103,Karina,Merriott,.@yopmail.com,5.0,Jordan,1,0
106,104,104,Joelly,Ludewig,.@yopmail.com,6.0,Chad,7,0
107,105,105,Lorie,Dulciana,.@yopmail.com,3.0,Hong Kong,5,0
108,106,106,Marita,Dom,.@yopmail.com,11.0,Lebanon,1,0
109,107,107,Consuela,Leary,.@yopmail.com,16.0,Czech Republic,9,0
110,108,108,Briney,Sancho,.@yopmail.com,19.0,Turkey,9,1
111,109,109,Daune,Mehalek,.@yopmail.com,11.0,Costa Rica,9,0
112,110,110,Meg,Reinke,.@yopmail.com,9.0,Viet Nam,5,0
113,111,111,Petronia,Johanna,.@yopmail.com,14.0,Tunisia,1,0
114,112,112,Mary,Lubin,.@yopmail.com,15.0,Sweden,1,0
115,113,113,Justinn,Monaco,.@yopmail.com,22.0,Indonesia,9,1
116,114,114,Jeanna,Randene,.@yopmail.com,9.0,Niger,6,0
117,115,115,Wilma,Silvan,.@yopmail.com,19.0,Slovenia,9,1
118,116,116,Doralynne,Chandler,.@yopmail.com,13.0,Peru,3,0
119,117,117,Hannis,Pond,.@yopmail.com,21.0,Italy,8,1
120,118,118,Kaja,Macey,.@yopmail.com,10.0,Swaziland,3,0
121,119,119,Winny,Hanshaw,.@yopmail.com,8.0,Austria,3,0
122,120,120,Cyb,Margret,.@yopmail.com,3.0,South Georgia and the South Sandwich Islands,2,0
123,121,121,Karina,Erb,.@yopmail.com,2.0,"Virgin Islands, U.S.",5,0
124,122,122,Cristabel,Jarib,.@yopmail.com,15.0,Iceland,2,0
125,123,123,Brena,Hilbert,.@yopmail.com,3.0,Bhutan,3,0
126,124,124,Marita,Elsinore,.@yopmail.com,18.0,Cyprus,8,1
127,125,125,Orelia,Jagir,.@yopmail.com,13.0,Guinea,9,0
128,126,126,Hildegaard,Even,.@yopmail.com,3.0,Kyrgyzstan,9,0
129,127,127,Antonietta,Taam,.@yopmail.com,17.0,Viet Nam,9,0
130,128,128,Carmencita,Ade,.@yopmail.com,1.0,Nauru,3,0
131,129,129,Lucille,Breed,.@yopmail.com,5.0,"Virgin Islands, U.S.",1,0
132,130,130,Sherrie,Brittani,.@yopmail.com,15.0,Tunisia,7,0
133,131,131,Belva,Janene,.@yopmail.com,17.0,Brunei Darussalam,9,0
134,132,132,Vinita,Bach,.@yopmail.com,17.0,Mayotte,9,0
135,133,133,Mariele,Goddard,.@yopmail.com,19.0,,8,1
136,134,134,Camile,Linehan,.@yopmail.com,8.0,Poland,7,0
137,135,135,Sean,Allare,.@yopmail.com,18.0,French Guiana,8,1
138,136,136,Sibella,Frendel,.@yopmail.com,8.0,Liechtenstein,1,0
139,137,137,,Emerson,.@yopmail.com,6.0,Seychelles,5,0
140,138,138,Sidoney,Merna,.@yopmail.com,9.0,Poland,4,0
141,139,139,Ileana,Gibbeon,.@yopmail.com,23.0,Timor-Leste,8,1
142,140,140,Justinn,Kirstin,.@yopmail.com,21.0,Liberia,8,1
143,141,141,Ernesta,Brandice,.@yopmail.com,9.0,"Virgin Islands, British",4,0
144,142,142,Vinita,Klemperer,.@yopmail.com,1.0,Panama,1,0
145,143,143,Margette,Fairweather,.@yopmail.com,9.0,Heard Island and Mcdonald Islands,6,0
146,144,144,Jasmina,Hirsch,.@yopmail.com,7.0,Cape Verde,4,0
147,145,145,Meriel,Means,.@yopmail.com,11.0,Singapore,7,0
148,146,146,Tomasina,Gunn,.@yopmail.com,22.0,Bulgaria,9,1
149,147,147,Calla,Norrie,.@yopmail.com,11.0,"Micronesia, Federated States of",3,0
150,148,148,Christy,Joachim,.@yopmail.com,3.0,Ireland,2,0
151,149,149,Georgetta,Whiffen,.@yopmail.com,12.0,China,1,0
152,150,150,Verla,Gilmour,.@yopmail.com,21.0,Romania,9,1
153,151,151,Adele,Malina,.@yopmail.com,19.0,"Palestinian Territory, Occupied",9,1
154,152,152,Shirlee,Screens,.@yopmail.com,18.0,Bulgaria,9,1
155,153,153,Carmela,Diogenes,.@yopmail.com,7.0,"Iran, Islamic Republic Of",1,0
156,154,154,Jean,Amethist,.@yopmail.com,5.0,Cayman Islands,3,0
157,155,155,Ebonee,Yusuk,.@yopmail.com,12.0,Brunei Darussalam,7,0
158,156,156,Roslyn,Berne,.@yopmail.com,11.0,Christmas Island,8,0
159,157,157,Vanessa,Weide,.@yopmail.com,2.0,British Indian Ocean Territory,7,0
160,158,158,Kimmy,Katrine,.@yopmail.com,18.0,Saint Lucia,8,1
161,159,159,Rozele,Marcellus,.@yopmail.com,4.0,Norway,9,0
162,160,160,Genovera,Trey,.@yopmail.com,21.0,Belize,8,1
163,161,161,Thalia,Wind,.@yopmail.com,22.0,Djibouti,8,1
164,162,162,Ayn,Dannye,.@yopmail.com,23.0,Luxembourg,9,1
165,163,163,Florencia,Marden,.@yopmail.com,18.0,Bahrain,9,1
166,164,164,Carmela,Greyson,.@yopmail.com,19.0,Ethiopia,9,1
167,165,165,Corene,Parette,.@yopmail.com,7.0,New Zealand,1,0
168,166,166,Patricia,Leffen,.@yopmail.com,11.0,Azerbaijan,1,0
169,167,167,Michaelina,Thema,.@yopmail.com,17.0,"Tanzania, United Republic of",8,0
170,168,168,Lizzie,Rosemary,.@yopmail.com,7.0,Uruguay,2,0
171,169,169,Krystle,Guildroy,.@yopmail.com,1.0,Serbia and Montenegro,8,0
172,170,170,Maisey,Yusuk,.@yopmail.com,16.0,Djibouti,9,0
173,171,171,Jennica,Lesley,.@yopmail.com,14.0,Argentina,1,0
174,172,172,Tonia,Maryanne,.@yopmail.com,12.0,Northern Mariana Islands,7,0
175,173,173,Madelle,Bultman,.@yopmail.com,6.0,Cook Islands,1,0
176,174,174,Karlee,Anton,.@yopmail.com,20.0,Peru,8,1
177,175,175,Jessy,Talia,.@yopmail.com,24.0,Tonga,8,1
178,176,176,Stacey,Bouchard,.@yopmail.com,10.0,"Palestinian Territory, Occupied",3,0
179,177,177,Kellen,Montgomery,.@yopmail.com,15.0,Dominica,3,0
180,178,178,Brana,Koziara,.@yopmail.com,4.0,Hong Kong,8,0
181,179,179,Ernesta,Celestine,.@yopmail.com,3.0,Belarus,3,0
182,180,180,Lynde,Imelida,.@yopmail.com,10.0,Martinique,4,0
183,181,181,Michaelina,Tiffa,.@yopmail.com,9.0,Paraguay,9,0
184,182,182,Kara-Lynn,Smitt,.@yopmail.com,17.0,"Virgin Islands, U.S.",8,0
185,183,183,Britte,Han,.@yopmail.com,7.0,Antarctica,3,0
186,184,184,Anthia,Germann,.@yopmail.com,18.0,Jersey,8,1
187,185,185,Jinny,Jehu,.@yopmail.com,15.0,Haiti,2,0
188,186,186,Moyna,Fadiman,.@yopmail.com,15.0,Malawi,8,0
189,187,187,Kaia,Cressida,.@yopmail.com,4.0,Saudi Arabia,8,0
190,188,188,June,Kevon,.@yopmail.com,24.0,Marshall Islands,8,1
191,189,189,Monika,Toni,.@yopmail.com,17.0,Swaziland,8,0
192,190,190,Addia,Johnsson,.@yopmail.com,7.0,Nauru,7,0
193,191,191,Olivette,Wallis,.@yopmail.com,14.0,New Zealand,8,0
194,192,192,Kirbee,Mata,.@yopmail.com,19.0,Equatorial Guinea,9,1
195,193,193,Ashlee,Bord,.@yopmail.com,2.0,Peru,9,0
196,194,194,Fernande,Noam,.@yopmail.com,17.0,Turks and Caicos Islands,8,0
197,195,195,Tatiania,Sheedy,.@yopmail.com,4.0,United States Minor Outlying Islands,5,0
198,196,196,Lauryn,Paton,.@yopmail.com,4.0,Guyana,2,0
199,197,197,Elsie,Virgin,.@yopmail.com,12.0,Sri Lanka,9,0
200,198,198,Althea,Codding,.@yopmail.com,21.0,New Zealand,9,1
201,199,199,Shirlee,Rubie,.@yopmail.com,24.0,Ethiopia,9,1
202,200,200,Gilligan,Lutero,.@yopmail.com,3.0,Pakistan,3,0
203,201,201,Joceline,Gunn,.@yopmail.com,21.0,Croatia,9,1
204,202,202,Marylou,Lory,.@yopmail.com,2.0,Egypt,5,0
205,203,203,Madeleine,Morehouse,.@yopmail.com,4.0,Bosnia and Herzegovina,5,0
206,204,204,Selia,Brunell,.@yopmail.com,14.0,Cambodia,5,0
207,205,205,Lorenza,Jeanne,.@yopmail.com,6.0,Solomon Islands,2,0
208,206,206,Stacey,Simmonds,.@yopmail.com,4.0,Austria,8,0
209,207,207,Ingrid,Myrilla,.@yopmail.com,22.0,Norway,8,1
210,208,208,Raina,Seagraves,.@yopmail.com,19.0,Vanuatu,8,1
211,209,209,Elyssa,Odysseus,.@yopmail.com,21.0,Brunei Darussalam,9,1
212,210,210,Eadie,Eiser,.@yopmail.com,23.0,Martinique,8,1
213,211,211,Mathilda,Ashely,.@yopmail.com,6.0,Seychelles,9,0
214,212,212,Hildegaard,Naashom,.@yopmail.com,21.0,"Virgin Islands, British",9,1
215,213,213,Nanete,Campball,.@yopmail.com,2.0,Senegal,4,0
216,214,214,Anthia,Sammons,.@yopmail.com,7.0,Bhutan,7,0
217,215,215,Zaria,Valerio,.@yopmail.com,4.0,Estonia,6,0
218,216,216,Adele,Christal,.@yopmail.com,8.0,"Iran, Islamic Republic Of",4,0
219,217,217,Collen,Nahum,.@yopmail.com,19.0,Kyrgyzstan,8,1
220,218,218,Janis,Diann,.@yopmail.com,1.0,Indonesia,7,0
221,219,219,Aubrie,Dash,.@yopmail.com,7.0,Heard Island and Mcdonald Islands,8,0
222,220,220,Coral,Couture,.@yopmail.com,7.0,Bulgaria,1,0
223,221,221,Robbi,Fink,.@yopmail.com,4.0,Uruguay,1,0
224,222,222,Belva,Jaylene,.@yopmail.com,24.0,France,9,1
225,223,223,Hollie,Arley,.@yopmail.com,14.0,Uzbekistan,5,0
226,224,224,Dotty,Tyson,.@yopmail.com,5.0,Burkina Faso,9,0
227,225,225,Joelly,Concha,.@yopmail.com,16.0,Senegal,8,0
228,226,226,Constance,Montgomery,.@yopmail.com,1.0,Ghana,9,0
229,227,227,Dianemarie,Evangelia,.@yopmail.com,20.0,Burundi,9,1
230,228,228,Kial,Sophronia,.@yopmail.com,22.0,Kenya,9,1
231,229,229,Lucy,Malvino,.@yopmail.com,9.0,Bermuda,1,0
232,230,230,Selma,Elvyn,.@yopmail.com,22.0,United Kingdom,9,1
233,231,231,Neila,Susannah,.@yopmail.com,17.0,Indonesia,9,0
234,232,232,Fanchon,Elisha,.@yopmail.com,5.0,Ukraine,3,0
235,233,233,Kayla,Pond,.@yopmail.com,24.0,Åland Islands,8,1
236,234,234,Mathilda,Grimbly,.@yopmail.com,16.0,Greenland,9,0
237,235,235,Lila,Serilda,.@yopmail.com,14.0,Albania,8,0
238,236,236,Kathy,Valerio,.@yopmail.com,17.0,Croatia,8,0
239,237,237,Claresta,Mandler,.@yopmail.com,16.0,Mayotte,9,0
240,238,238,Emilia,McAdams,.@yopmail.com,7.0,Guam,4,0
241,239,239,Charlena,Delila,.@yopmail.com,18.0,Namibia,8,1
242,240,240,Nataline,Fiann,.@yopmail.com,23.0,Venezuela,8,1
243,241,241,Doralynne,Demitria,.@yopmail.com,6.0,Qatar,2,0
244,242,242,Phedra,Grayce,.@yopmail.com,16.0,Mayotte,9,0
245,243,243,Frieda,Terrence,.@yopmail.com,6.0,Fiji,2,0
246,244,244,Kimberley,Goth,.@yopmail.com,3.0,Cyprus,8,0
247,245,245,Clo,Telfer,.@yopmail.com,21.0,Kyrgyzstan,8,1
248,246,246,Dianemarie,Whiffen,.@yopmail.com,8.0,Nicaragua,5,0
249,247,247,Sophia,Lucienne,.@yopmail.com,14.0,Liechtenstein,1,0
250,248,248,Marsiella,Bearnard,.@yopmail.com,14.0,Sri Lanka,4,0
251,249,249,Mariann,Gert,.@yopmail.com,14.0,Antigua and Barbuda,2,0
252,250,250,Ninnetta,Gordon,.@yopmail.com,24.0,French Southern Territories,9,1
253,251,251,Henriette,Modie,.@yopmail.com,5.0,Nicaragua,8,0
254,252,252,Fanny,Zeeba,.@yopmail.com,16.0,Serbia and Montenegro,9,0
255,253,253,Melina,Edee,.@yopmail.com,15.0,Maldives,9,0
256,254,254,Jan,Ashely,.@yopmail.com,13.0,Saint Helena,4,0
257,255,255,Dania,Vorster,.@yopmail.com,3.0,San Marino,7,0
258,256,256,Mellicent,Sikorski,.@yopmail.com,1.0,Belize,8,0
259,257,257,Sarette,Nicoline,.@yopmail.com,9.0,Philippines,6,0
260,258,258,Winny,Mathilde,.@yopmail.com,7.0,Switzerland,6,0
261,259,259,Lesly,McClimans,.@yopmail.com,17.0,Wallis and Futuna,9,0
262,260,260,Vonny,Waldron,.@yopmail.com,4.0,Nicaragua,7,0
263,261,261,Libbie,Erskine,.@yopmail.com,22.0,Puerto Rico,8,1
264,262,262,Jinny,Dreda,.@yopmail.com,8.0,Australia,5,0
265,263,263,Wynne,Stevy,.@yopmail.com,9.0,Belize,4,0
266,264,264,Jacquetta,Pattin,.@yopmail.com,11.0,Indonesia,5,0
267,265,265,Nicoli,Madox,.@yopmail.com,6.0,Nauru,1,0
268,266,266,Olivette,Tristram,.@yopmail.com,4.0,"Lao People""S Democratic Republic",8,0
269,267,267,Maurene,Camden,.@yopmail.com,18.0,Kiribati,9,1
270,268,268,Abbie,Phi,.@yopmail.com,11.0,"Congo, The Democratic Republic of the",6,0
271,269,269,Jackie,O'Rourke,.@yopmail.com,23.0,France,9,1
272,270,270,Tami,Persse,.@yopmail.com,8.0,Namibia,6,0
273,271,271,Amelia,Brunell,.@yopmail.com,19.0,Svalbard and Jan Mayen,9,1
274,272,272,Fidelia,Carlson,.@yopmail.com,5.0,Suriname,9,0
275,273,273,Lanna,Loeb,.@yopmail.com,18.0,Heard Island and Mcdonald Islands,9,1
276,274,274,Shauna,Harriman,.@yopmail.com,18.0,Timor-Leste,8,1
277,275,275,Veda,Llovera,.@yopmail.com,8.0,Finland,1,0
278,276,276,Joleen,Hathaway,.@yopmail.com,10.0,Heard Island and Mcdonald Islands,3,0
279,277,277,Alyssa,Toni,.@yopmail.com,21.0,"Taiwan, Province of China",9,1
280,278,278,Cacilie,Ries,.@yopmail.com,21.0,Guinea-Bissau,9,1
281,279,279,Quintina,Pattin,.@yopmail.com,15.0,Cayman Islands,4,0
282,280,280,Sandie,Payson,.@yopmail.com,11.0,Guinea,8,0
283,281,281,Karlee,Yoko,.@yopmail.com,21.0,Burundi,8,1
284,282,282,Lanna,Elvyn,.@yopmail.com,10.0,Mauritius,5,0
285,283,283,Shaylyn,Kevon,.@yopmail.com,5.0,Swaziland,4,0
286,284,284,Natka,Darbie,.@yopmail.com,21.0,Venezuela,8,1
287,285,285,Doralynne,Hessler,.@yopmail.com,12.0,Thailand,3,0
288,286,286,Heddie,Urania,.@yopmail.com,19.0,Bangladesh,9,1
289,287,287,Kristan,Leopold,.@yopmail.com,16.0,El Salvador,8,0
290,288,288,Lory,Ummersen,.@yopmail.com,3.0,Albania,6,0
291,289,289,Giustina,Evangelia,.@yopmail.com,8.0,Nepal,8,0
292,290,290,Tera,Sallyann,.@yopmail.com,15.0,Antigua and Barbuda,7,0
293,291,291,Winifred,Christine,.@yopmail.com,1.0,Marshall Islands,4,0
294,292,292,Ronna,Shaver,.@yopmail.com,6.0,Finland,4,0
295,293,293,Marsiella,Bates,.@yopmail.com,21.0,Guinea,9,1
296,294,294,Verla,Sherrie,.@yopmail.com,4.0,El Salvador,3,0
297,295,295,Imojean,Denis,.@yopmail.com,22.0,Cameroon,9,1
298,296,296,Edyth,Minetta,.@yopmail.com,24.0,Sierra Leone,9,1
299,297,297,Tatiania,Ortrude,.@yopmail.com,20.0,Faroe Islands,8,1
300,298,298,Nikki,Bonilla,.@yopmail.com,17.0,Cook Islands,8,0
301,299,299,Kirstin,Karna,.@yopmail.com,17.0,Venezuela,9,0
302,300,300,Debee,Kalinda,.@yopmail.com,20.0,Barbados,8,1
303,301,301,Imojean,Carolin,.@yopmail.com,1.0,American Samoa,9,0
304,302,302,Deane,Torray,.@yopmail.com,18.0,Cocos (Keeling) Islands,9,1
305,303,303,Averyl,Grobe,.@yopmail.com,21.0,Panama,9,1
306,304,304,Orelia,Sholley,.@yopmail.com,8.0,Puerto Rico,2,0
307,305,305,Kristina,Virgin,.@yopmail.com,19.0,Bermuda,9,1
308,306,306,Adele,Blake,.@yopmail.com,9.0,Japan,3,0
309,307,307,Emelina,Colyer,.@yopmail.com,1.0,Spain,8,0
310,308,308,Cristine,Hazlett,.@yopmail.com,17.0,Reunion,9,0
311,309,309,Laure,Tarrant,.@yopmail.com,7.0,"Congo, The Democratic Republic of the",6,0
312,310,310,Cherrita,Maurine,.@yopmail.com,22.0,Palau,8,1
313,311,311,Minne,Frodi,.@yopmail.com,16.0,Central African Republic,8,0
314,312,312,Brianna,Kylander,.@yopmail.com,3.0,Bermuda,3,0
315,313,313,Rhea,Slifka,.@yopmail.com,9.0,Samoa,7,0
316,314,314,Raf,Zachary,.@yopmail.com,2.0,Japan,9,0
317,315,315,Marita,Verger,.@yopmail.com,13.0,El Salvador,4,0
318,316,316,Jillayne,Crudden,.@yopmail.com,22.0,Romania,8,1
319,317,317,Shannah,Charity,.@yopmail.com,7.0,Eritrea,4,0
320,318,318,Shel,Diogenes,.@yopmail.com,14.0,Faroe Islands,1,0
321,319,319,Trudie,Liebermann,.@yopmail.com,23.0,Barbados,8,1
322,320,320,Rebeca,Vittoria,.@yopmail.com,5.0,Colombia,1,0
323,321,321,Xylina,O'Neill,.@yopmail.com,3.0,Cyprus,5,0
324,322,322,Abbie,Faust,.@yopmail.com,4.0,Faroe Islands,2,0
325,323,323,Christy,Guthrie,.@yopmail.com,7.0,Georgia,6,0
326,324,324,Dale,Ruvolo,.@yopmail.com,6.0,Benin,2,0
327,325,325,Shaylyn,Agle,.@yopmail.com,3.0,Hong Kong,9,0
328,326,326,Kary,Stoller,.@yopmail.com,9.0,"Micronesia, Federated States of",8,0
329,327,327,Flo,Toni,.@yopmail.com,9.0,"Virgin Islands, U.S.",6,0
330,328,328,Georgetta,Rugen,.@yopmail.com,24.0,Faroe Islands,9,1
331,329,329,Lenna,Ader,.@yopmail.com,13.0,Paraguay,5,0
332,330,330,Joane,Montgomery,.@yopmail.com,17.0,Belize,9,0
333,331,331,Genevra,Torray,.@yopmail.com,22.0,South Africa,8,1
334,332,332,Devina,Marden,.@yopmail.com,8.0,Qatar,7,0
335,333,333,Glynnis,Donell,.@yopmail.com,22.0,Peru,8,1
336,334,334,Kamilah,Engdahl,.@yopmail.com,3.0,Lithuania,7,0
337,335,335,Desirae,Oster,.@yopmail.com,3.0,"Virgin Islands, British",2,0
338,336,336,Jany,Camden,.@yopmail.com,13.0,Cayman Islands,7,0
339,337,337,Kalina,Kosey,.@yopmail.com,7.0,"Micronesia, Federated States of",6,0
340,338,338,Dyann,Margret,.@yopmail.com,2.0,Belarus,8,0
341,339,339,Lilith,Miru,.@yopmail.com,15.0,"Cote D""Ivoire",7,0
342,340,340,Fawne,Dawkins,.@yopmail.com,1.0,Dominica,7,0
343,341,341,Aaren,Calhoun,.@yopmail.com,7.0,Niue,4,0
344,342,342,Bobinette,Tryck,.@yopmail.com,4.0,Tokelau,5,0
345,343,343,Aryn,Fry,.@yopmail.com,6.0,Falkland Islands (Malvinas),8,0
346,344,344,Reeba,Waldron,.@yopmail.com,21.0,Denmark,9,1
347,345,345,Bill,Dosia,.@yopmail.com,17.0,Croatia,8,0
348,346,346,Doralynne,Kress,.@yopmail.com,14.0,Papua New Guinea,9,0
349,347,347,Chrystel,Laurianne,.@yopmail.com,5.0,Brazil,3,0
350,348,348,Concettina,Gusella,.@yopmail.com,12.0,Niger,8,0
351,349,349,Augustine,Bakerman,.@yopmail.com,21.0,Malta,8,1
352,350,350,Liana,McGrody,.@yopmail.com,10.0,Peru,6,0
353,351,351,Kristina,Bultman,.@yopmail.com,21.0,Madagascar,8,1
354,352,352,Carilyn,Azeria,.@yopmail.com,17.0,Venezuela,9,0
355,353,353,Monika,Raseda,.@yopmail.com,6.0,Togo,4,0
356,354,354,Johna,Posner,.@yopmail.com,1.0,Peru,9,0
357,355,355,Clo,August,.@yopmail.com,6.0,Liechtenstein,8,0
358,356,356,Lorenza,Abernon,.@yopmail.com,7.0,Argentina,4,0
359,357,357,Mamie,Ranjiv,.@yopmail.com,19.0,Samoa,8,1
360,358,358,Danika,Therine,.@yopmail.com,3.0,Ireland,2,0
361,359,359,Fayre,Weitman,.@yopmail.com,20.0,Georgia,8,1
362,360,360,Phylis,Sprage,.@yopmail.com,24.0,Maldives,9,1
363,361,361,Kellen,Kannry,.@yopmail.com,20.0,Faroe Islands,8,1
364,362,362,Edith,Gombach,.@yopmail.com,5.0,"Tanzania, United Republic of",3,0
365,363,363,Juliane,Birdella,.@yopmail.com,7.0,Timor-Leste,1,0
366,364,364,Violet,Lail,.@yopmail.com,5.0,Angola,7,0
367,365,365,Lynde,Ailyn,.@yopmail.com,18.0,Russian Federation,9,1
368,366,366,Andeee,Suk,.@yopmail.com,13.0,France,5,0
369,367,367,Cassondra,Means,.@yopmail.com,22.0,Bermuda,9,1
370,368,368,Fanny,Dowski,.@yopmail.com,3.0,Kuwait,8,0
371,369,369,Kellen,Kare,.@yopmail.com,23.0,Ireland,9,1
372,370,370,Beatriz,Riordan,.@yopmail.com,8.0,New Zealand,1,0
373,371,371,Raquela,Brady,.@yopmail.com,7.0,Montserrat,3,0
374,372,372,Diena,Fancie,.@yopmail.com,6.0,Nauru,1,0
375,373,373,Diena,Manolo,.@yopmail.com,14.0,Christmas Island,3,0
376,374,374,Keelia,Vins,.@yopmail.com,1.0,Austria,3,0
377,375,375,Jeanna,Idelia,.@yopmail.com,6.0,Pakistan,5,0
378,376,376,Selma,Astra,.@yopmail.com,6.0,Belarus,8,0
379,377,377,Tarra,Ciro,.@yopmail.com,8.0,New Caledonia,4,0
380,378,378,Sissy,Winthorpe,.@yopmail.com,24.0,Ukraine,8,1
381,379,379,Mildrid,Loleta,.@yopmail.com,9.0,New Caledonia,1,0
382,380,380,Wileen,Valoniah,.@yopmail.com,23.0,French Southern Territories,8,1
383,381,381,Tarra,Brandice,.@yopmail.com,2.0,Heard Island and Mcdonald Islands,8,0
384,382,382,Vivia,Sholley,.@yopmail.com,14.0,Gabon,3,0
385,383,383,Florie,Fulmer,.@yopmail.com,12.0,Norfolk Island,6,0
386,384,384,Eve,Mike,.@yopmail.com,3.0,Guinea,7,0
387,385,385,Leontine,Muriel,.@yopmail.com,19.0,"Virgin Islands, British",8,1
388,386,386,Sybille,Love,.@yopmail.com,6.0,Azerbaijan,2,0
389,387,387,Oona,Roxanna,.@yopmail.com,12.0,Turks and Caicos Islands,3,0
390,388,388,Meg,Hertzfeld,.@yopmail.com,17.0,Northern Mariana Islands,9,0
391,389,389,Shauna,Kenwood,.@yopmail.com,5.0,Sierra Leone,3,0
392,390,390,Doralynne,Middleton,.@yopmail.com,5.0,Japan,1,0
393,391,391,Sharai,Remmer,.@yopmail.com,12.0,Liechtenstein,8,0
394,392,392,Agathe,Pernick,.@yopmail.com,2.0,Romania,6,0
395,393,393,Arabel,Noman,.@yopmail.com,2.0,Kazakhstan,6,0
396,394,394,Charissa,Jarib,.@yopmail.com,18.0,Costa Rica,9,1
397,395,395,Farrah,Philipp,.@yopmail.com,8.0,France,1,0
398,396,396,Cecile,Penelopa,.@yopmail.com,2.0,Thailand,4,0
399,397,397,Modestia,Kauppi,.@yopmail.com,20.0,British Indian Ocean Territory,8,1
400,398,398,Annora,Lanita,.@yopmail.com,24.0,Macao,9,1
401,399,399,Aubrie,Bobbee,.@yopmail.com,3.0,Haiti,7,0
402,400,400,Ketti,Ursulette,.@yopmail.com,9.0,Cambodia,5,0
403,401,401,Frank,Kazimir,.@yopmail.com,3.0,Guatemala,9,0
404,402,402,Aimil,Longfellow,.@yopmail.com,24.0,Cape Verde,9,1
405,403,403,Nannie,Doig,.@yopmail.com,18.0,"Taiwan, Province of China",8,1
406,404,404,Pollyanna,Dituri,.@yopmail.com,3.0,Ethiopia,7,0
407,405,405,Tierney,Bahr,.@yopmail.com,3.0,Mali,2,0
408,406,406,Tabbatha,Cutlerr,.@yopmail.com,14.0,Bosnia and Herzegovina,1,0
409,407,407,Iseabal,Tremayne,.@yopmail.com,10.0,Ethiopia,8,0
410,408,408,Meghann,Barney,.@yopmail.com,21.0,Angola,9,1
411,409,409,Kylynn,Buckler,.@yopmail.com,21.0,Romania,8,1
412,410,410,Dagmar,Brieta,.@yopmail.com,11.0,Bermuda,4,0
413,411,411,Deane,Revkah,.@yopmail.com,2.0,Gabon,7,0
414,412,412,Tomasina,Kat,.@yopmail.com,11.0,South Georgia and the South Sandwich Islands,8,0
415,413,413,Gavrielle,Whittaker,.@yopmail.com,9.0,Slovakia,6,0
416,414,414,Karlee,Manolo,.@yopmail.com,13.0,Botswana,3,0
417,415,415,Charlena,Emerson,.@yopmail.com,2.0,Marshall Islands,4,0
418,416,416,Zia,Kauppi,.@yopmail.com,7.0,Sao Tome and Principe,2,0
419,417,417,Gwenneth,Zitvaa,.@yopmail.com,11.0,Iceland,6,0
420,418,418,Lisette,Telfer,.@yopmail.com,17.0,"Taiwan, Province of China",9,0
421,419,419,Valera,Willie,.@yopmail.com,13.0,Sao Tome and Principe,5,0
422,420,420,Lisette,Chrystel,.@yopmail.com,14.0,Romania,8,0
423,421,421,Edee,Kristi,.@yopmail.com,6.0,Nauru,1,0
424,422,422,Aimil,Johnsson,.@yopmail.com,23.0,Falkland Islands (Malvinas),9,1
425,423,423,Eve,Tufts,.@yopmail.com,13.0,Germany,1,0
426,424,424,Ardys,Croix,.@yopmail.com,8.0,Belize,8,0
427,425,425,Celisse,Kenwood,.@yopmail.com,4.0,Eritrea,6,0
428,426,426,Dyann,Georas,.@yopmail.com,22.0,United States Minor Outlying Islands,9,1
429,427,427,Vanessa,Rossner,.@yopmail.com,23.0,Benin,8,1
430,428,428,Dede,Strephon,.@yopmail.com,23.0,Hong Kong,9,1
431,429,429,Mara,Phi,.@yopmail.com,17.0,Albania,9,0
432,430,430,Jacenta,Judye,.@yopmail.com,6.0,Qatar,4,0
433,431,431,Amelia,O'Carroll,.@yopmail.com,24.0,"Congo, The Democratic Republic of the",8,1
434,432,432,Lily,Sacken,.@yopmail.com,19.0,Ireland,9,1
435,433,433,Nickie,Ardeha,.@yopmail.com,3.0,Burundi,6,0
436,434,434,Trudie,Nickola,.@yopmail.com,17.0,New Zealand,9,0
437,435,435,Jasmina,Maryanne,.@yopmail.com,3.0,Myanmar,6,0
438,436,436,Shannah,Zenas,.@yopmail.com,9.0,Turkey,3,0
439,437,437,Jolyn,Dulciana,.@yopmail.com,6.0,Congo,6,0
440,438,438,Catrina,Persse,.@yopmail.com,4.0,Swaziland,3,0
441,439,439,Hollie,Gherardo,.@yopmail.com,14.0,French Polynesia,8,0
442,440,440,Amii,Lacombe,.@yopmail.com,9.0,Viet Nam,6,0
443,441,441,Josephine,Rhu,.@yopmail.com,24.0,Estonia,8,1
444,442,442,Melina,Khorma,.@yopmail.com,20.0,Russian Federation,9,1
445,443,443,Arabel,Dannye,.@yopmail.com,17.0,Canada,9,0
446,444,444,Ericka,Stanwood,.@yopmail.com,24.0,Sweden,9,1
447,445,445,Hyacinthe,Bendick,.@yopmail.com,20.0,Luxembourg,9,1
448,446,446,Jacquetta,Modie,.@yopmail.com,14.0,Spain,9,0
449,447,447,Ileana,Damarra,.@yopmail.com,16.0,Liechtenstein,8,0
450,448,448,Aubrie,Hourigan,.@yopmail.com,24.0,French Polynesia,9,1
451,449,449,Mallory,Vary,.@yopmail.com,24.0,Kuwait,9,1
452,450,450,Britni,Hieronymus,.@yopmail.com,10.0,Singapore,1,0
453,451,451,Adele,Alcott,.@yopmail.com,4.0,Liechtenstein,9,0
454,452,452,Ardenia,Martguerita,.@yopmail.com,20.0,San Marino,8,1
455,453,453,Oralee,Merriott,.@yopmail.com,22.0,Faroe Islands,8,1
456,454,454,Selia,Arvo,.@yopmail.com,15.0,Mauritania,9,0
457,455,455,Elfreda,Paton,.@yopmail.com,24.0,Cyprus,9,1
458,456,456,Teriann,McGrody,.@yopmail.com,6.0,Afghanistan,1,0
459,457,457,Kate,Martguerita,.@yopmail.com,7.0,Egypt,6,0
460,458,458,Candy,Eugenia,.@yopmail.com,15.0,Nigeria,3,0
461,459,459,Cathie,Heidt,.@yopmail.com,23.0,Equatorial Guinea,9,1
462,460,460,Valli,Blisse,.@yopmail.com,22.0,Australia,8,1
463,461,461,Margette,Barney,.@yopmail.com,7.0,Israel,4,0
464,462,462,Chandra,Harl,.@yopmail.com,9.0,Libyan Arab Jamahiriya,3,0
465,463,463,Ruthe,O'Neill,.@yopmail.com,9.0,Suriname,2,0
466,464,464,Paola,Shelba,.@yopmail.com,8.0,"Cote D""Ivoire",9,0
467,465,465,Selia,Ciro,.@yopmail.com,10.0,Djibouti,9,0
468,466,466,Mildrid,Ursulette,.@yopmail.com,9.0,Guernsey,8,0
469,467,467,Dorice,Schonfeld,.@yopmail.com,22.0,Kyrgyzstan,8,1
470,468,468,Carol-Jean,Hewitt,.@yopmail.com,3.0,New Caledonia,4,0
471,469,469,Annice,Land,.@yopmail.com,23.0,Niue,8,1
472,470,470,Leia,Buckler,.@yopmail.com,2.0,Saint Pierre and Miquelon,6,0
473,471,471,Shirlee,Heisel,.@yopmail.com,11.0,Hong Kong,2,0
474,472,472,Petronia,Dominy,.@yopmail.com,4.0,Iraq,5,0
475,473,473,Henriette,Flita,.@yopmail.com,22.0,Mongolia,8,1
476,474,474,Jolyn,Stanwood,.@yopmail.com,11.0,Viet Nam,5,0
477,475,475,Emilia,Robertson,.@yopmail.com,18.0,Tonga,8,1
478,476,476,Donetta,Seumas,.@yopmail.com,16.0,Barbados,9,0
479,477,477,Aurore,Hebner,.@yopmail.com,20.0,Christmas Island,9,1
480,478,478,Marcy,Kalinda,.@yopmail.com,23.0,Serbia and Montenegro,8,1
481,479,479,Marita,Gualtiero,.@yopmail.com,2.0,San Marino,5,0
482,480,480,Dotty,Nadia,.@yopmail.com,9.0,Lithuania,2,0
483,481,481,Marleah,Ulphia,.@yopmail.com,19.0,Liberia,9,1
484,482,482,Kaja,Wesle,.@yopmail.com,11.0,Kenya,3,0
485,483,483,Lonnie,Mehalek,.@yopmail.com,7.0,San Marino,6,0
486,484,484,Berta,Parette,.@yopmail.com,9.0,Slovenia,4,0
487,485,485,Rori,Michella,.@yopmail.com,13.0,"Virgin Islands, U.S.",5,0
488,486,486,Caritta,Marisa,.@yopmail.com,24.0,"Korea, Democratic People""S Republic of",8,1
489,487,487,Goldie,Xerxes,.@yopmail.com,23.0,Guadeloupe,8,1
490,488,488,Jaclyn,Korey,.@yopmail.com,21.0,Netherlands,9,1
491,489,489,Maisey,Genna,.@yopmail.com,18.0,Jersey,8,1
492,490,490,Andeee,Baudin,.@yopmail.com,23.0,Cocos (Keeling) Islands,9,1
493,491,491,Allis,O'Carroll,.@yopmail.com,19.0,Saint Kitts and Nevis,8,1
494,492,492,Vere,Rossner,.@yopmail.com,8.0,Norfolk Island,1,0
495,493,493,Lita,Yerkovich,.@yopmail.com,15.0,Guadeloupe,5,0
496,494,494,Amara,Isidore,.@yopmail.com,24.0,Saint Helena,8,1
497,495,495,Ivett,Viddah,.@yopmail.com,24.0,Uganda,8,1
498,496,496,Ardeen,Nerita,.@yopmail.com,24.0,Guadeloupe,9,1
499,497,497,Rebeca,Fontana,.@yopmail.com,5.0,Libyan Arab Jamahiriya,2,0
500,498,498,Heida,Catie,.@yopmail.com,8.0,Aruba,9,0
501,499,499,Janeczka,Schenck,.@yopmail.com,10.0,Congo,3,0
502,500,500,Valera,Lissi,.@yopmail.com,14.0,Greece,3,0
503,501,501,Agnese,Ricki,.@yopmail.com,9.0,Niger,4,0
504,502,502,Esmeralda,Lail,.@yopmail.com,13.0,Pakistan,1,0
505,503,503,Blake,Cleo,.@yopmail.com,2.0,Mexico,3,0
506,504,504,Sadie,Devlen,.@yopmail.com,10.0,Macao,1,0
507,505,505,Mara,Melan,.@yopmail.com,23.0,Chile,8,1
508,506,506,Albertina,Burch,.@yopmail.com,17.0,Tokelau,8,0
509,507,507,Myrtice,Strephon,.@yopmail.com,18.0,Turks and Caicos Islands,9,1
510,508,508,Tressa,Helve,.@yopmail.com,11.0,Aruba,4,0
511,509,509,Sibella,Roxanna,.@yopmail.com,13.0,Gambia,3,0
512,510,510,Britni,Ammann,.@yopmail.com,18.0,Syrian Arab Republic,8,1
513,511,511,Jacquetta,Harned,.@yopmail.com,3.0,Japan,4,0
514,512,512,Barbi,Othilia,.@yopmail.com,9.0,Tunisia,4,0
515,513,513,Vanessa,Hortensia,.@yopmail.com,10.0,Nigeria,3,0
516,514,514,Dominga,Hourigan,.@yopmail.com,13.0,Bhutan,5,0
517,515,515,Alisha,Bevin,.@yopmail.com,22.0,Azerbaijan,8,1
518,516,516,Gilligan,Ries,.@yopmail.com,10.0,Sao Tome and Principe,6,0
519,517,517,Iseabal,McCutcheon,.@yopmail.com,13.0,Malaysia,3,0
520,518,518,Adelle,Thornburg,.@yopmail.com,5.0,Guadeloupe,6,0
521,519,519,Rhea,Jefferey,.@yopmail.com,22.0,Azerbaijan,8,1
522,520,520,Jessy,Tremayne,.@yopmail.com,17.0,Sri Lanka,9,0
523,521,521,Melisent,Dermott,.@yopmail.com,5.0,Wallis and Futuna,9,0
524,522,522,Harrietta,Tybald,.@yopmail.com,11.0,Spain,6,0
525,523,523,Ericka,Valoniah,.@yopmail.com,13.0,Canada,4,0
526,524,524,Asia,Prober,.@yopmail.com,10.0,Burkina Faso,5,0
527,525,525,Cacilie,Merriott,.@yopmail.com,17.0,Serbia and Montenegro,9,0
528,526,526,Kristina,Jammal,.@yopmail.com,21.0,Azerbaijan,9,1
529,527,527,Jere,Deegan,.@yopmail.com,13.0,Madagascar,4,0
530,528,528,Bernardine,Bendick,.@yopmail.com,20.0,South Georgia and the South Sandwich Islands,9,1
531,529,529,Alia,Lesley,.@yopmail.com,2.0,Tuvalu,5,0
532,530,530,Basia,Wilkinson,.@yopmail.com,24.0,Nicaragua,9,1
533,531,531,Bernardine,Hermes,.@yopmail.com,7.0,United Kingdom,3,0
534,532,532,Marinna,Mintz,.@yopmail.com,5.0,Belize,5,0
535,533,533,Karena,Trey,.@yopmail.com,16.0,AndorrA,9,0
536,534,534,Jordan,Grayce,.@yopmail.com,15.0,Kazakhstan,6,0
537,535,535,Queenie,Alva,.@yopmail.com,22.0,RWANDA,9,1
538,536,536,Celene,Narton,.@yopmail.com,8.0,Chile,8,0
539,537,537,Merry,Arquit,.@yopmail.com,14.0,AndorrA,6,0
540,538,538,Emilia,Lilas,.@yopmail.com,18.0,Switzerland,8,1
541,539,539,Janis,Anderea,.@yopmail.com,17.0,Christmas Island,8,0
542,540,540,Perry,Guthrie,.@yopmail.com,19.0,Faroe Islands,8,1
543,541,541,Kary,Waldron,.@yopmail.com,2.0,Cuba,9,0
544,542,542,Yetty,Albertine,.@yopmail.com,4.0,Guinea,6,0
545,543,543,Donnie,Brotherson,.@yopmail.com,13.0,Sri Lanka,7,0
546,544,544,Carol-Jean,Friede,.@yopmail.com,13.0,Mongolia,5,0
547,545,545,Roseline,Belanger,.@yopmail.com,18.0,Norfolk Island,9,1
548,546,546,Wanda,Edison,.@yopmail.com,12.0,Italy,8,0
549,547,547,Amalie,Allare,.@yopmail.com,18.0,Cameroon,9,1
550,548,548,Melisent,Alabaster,.@yopmail.com,22.0,Antigua and Barbuda,9,1
551,549,549,Gavrielle,Alice,.@yopmail.com,20.0,Thailand,9,1
552,550,550,Johna,Reidar,.@yopmail.com,8.0,Bermuda,9,0
553,551,551,Rozele,Craggie,.@yopmail.com,13.0,Uruguay,8,0
554,552,552,Ardenia,Quinn,.@yopmail.com,12.0,Macao,8,0
555,553,553,Gilligan,Gahl,.@yopmail.com,22.0,Venezuela,8,1
556,554,554,Iseabal,Bohlin,.@yopmail.com,7.0,French Southern Territories,5,0
557,555,555,Vita,Imelida,.@yopmail.com,19.0,Reunion,8,1
558,556,556,Collen,Carey,.@yopmail.com,10.0,Uganda,5,0
559,557,557,Tera,Richers,.@yopmail.com,12.0,Mexico,2,0
560,558,558,Kimmy,Klotz,.@yopmail.com,20.0,Latvia,9,1
561,559,559,Hayley,Aloise,.@yopmail.com,3.0,Anguilla,9,0
562,560,560,Taffy,Soneson,.@yopmail.com,21.0,Panama,8,1
563,561,561,Roslyn,Hartnett,.@yopmail.com,20.0,"Korea, Democratic People""S Republic of",9,1
564,562,562,Ira,Lanita,.@yopmail.com,8.0,Holy See (Vatican City State),9,0
565,563,563,Elena,Allare,.@yopmail.com,21.0,"Lao People""S Democratic Republic",8,1
566,564,564,Petronia,Solitta,.@yopmail.com,1.0,Cuba,6,0
567,565,565,Micheline,Amasa,.@yopmail.com,23.0,Turks and Caicos Islands,8,1
568,566,566,Cyb,Sinegold,.@yopmail.com,22.0,Madagascar,8,1
569,567,567,Barbara,Bates,.@yopmail.com,1.0,Dominica,8,0
570,568,568,Maurene,Catie,.@yopmail.com,1.0,Croatia,9,0
571,569,569,Priscilla,Wiener,.@yopmail.com,20.0,Togo,8,1
572,570,570,Gale,Rosalba,.@yopmail.com,17.0,Singapore,8,0
573,571,571,Felice,Lemuela,.@yopmail.com,18.0,Swaziland,8,1
574,572,572,Cathyleen,Maurine,.@yopmail.com,16.0,South Africa,9,0
575,573,573,Yvonne,Ursulette,.@yopmail.com,24.0,Western Sahara,9,1
576,574,574,Beatriz,Emmy,.@yopmail.com,18.0,Syrian Arab Republic,8,1
577,575,575,Averyl,Pacorro,.@yopmail.com,8.0,Antigua and Barbuda,4,0
578,576,576,Vanessa,Allare,.@yopmail.com,19.0,French Polynesia,8,1
579,577,577,Clementine,Merna,.@yopmail.com,7.0,Argentina,1,0
580,578,578,Concettina,Schonfeld,.@yopmail.com,24.0,Chile,9,1
581,579,579,Odessa,Olnee,.@yopmail.com,23.0,China,8,1
582,580,580,Ernesta,Esmaria,.@yopmail.com,17.0,Georgia,8,0
583,581,581,Kaja,Naor,.@yopmail.com,20.0,Norway,8,1
584,582,582,Charmaine,Carmena,.@yopmail.com,11.0,Bouvet Island,5,0
585,583,583,Katharina,Burch,.@yopmail.com,16.0,Mauritius,9,0
586,584,584,Annecorinne,Germann,.@yopmail.com,13.0,Bahamas,8,0
587,585,585,Mamie,Waite,.@yopmail.com,24.0,Sweden,9,1
588,586,586,Orelia,Arquit,.@yopmail.com,13.0,Netherlands Antilles,1,0
589,587,587,Suzette,Seessel,.@yopmail.com,22.0,"Taiwan, Province of China",9,1
590,588,588,Marline,Atonsah,.@yopmail.com,7.0,Tuvalu,7,0
591,589,589,Alameda,Gahl,.@yopmail.com,13.0,Tokelau,2,0
592,590,590,Latisha,Dannye,.@yopmail.com,8.0,Bahamas,2,0
593,591,591,Morganica,Kamaria,.@yopmail.com,3.0,Comoros,9,0
594,592,592,Feliza,Kosey,.@yopmail.com,13.0,Namibia,8,0
595,593,593,Lanna,Nikaniki,.@yopmail.com,1.0,Oman,7,0
596,594,594,Tori,Hebner,.@yopmail.com,5.0,Somalia,2,0
597,595,595,Helsa,Alfons,.@yopmail.com,11.0,Germany,6,0
598,596,596,Angelique,Shuler,.@yopmail.com,8.0,Tokelau,4,0
599,597,597,Florencia,Virgin,.@yopmail.com,23.0,Belize,9,1
600,598,598,Ada,Erminia,.@yopmail.com,17.0,Central African Republic,8,0
601,599,599,Heddie,Dermott,.@yopmail.com,7.0,United Arab Emirates,1,0
602,600,600,Kerrin,Smitt,.@yopmail.com,9.0,Afghanistan,3,0
603,601,601,Oralee,Kamaria,.@yopmail.com,17.0,Tonga,9,0
604,602,602,Beverley,Fillbert,.@yopmail.com,14.0,Trinidad and Tobago,9,0
605,603,603,Benita,Center,.@yopmail.com,11.0,Luxembourg,6,0
606,604,604,Lucille,Rozanna,.@yopmail.com,21.0,Germany,8,1
607,605,605,Carmela,Ramona,.@yopmail.com,12.0,Oman,8,0
608,606,606,Dawn,Wyn,.@yopmail.com,5.0,United States Minor Outlying Islands,7,0
609,607,607,Mildrid,Velick,.@yopmail.com,24.0,Mexico,8,1
610,608,608,Cristine,Manolo,.@yopmail.com,18.0,"Moldova, Republic of",9,1
611,609,609,Coral,Alwin,.@yopmail.com,17.0,Nicaragua,8,0
612,610,610,Inga,Howlyn,.@yopmail.com,14.0,Croatia,7,0
613,611,611,Drucie,Elisha,.@yopmail.com,11.0,Niger,6,0
614,612,612,Jessy,Kannry,.@yopmail.com,16.0,Angola,8,0
615,613,613,Correy,Schalles,.@yopmail.com,21.0,Turkmenistan,9,1
616,614,614,Paola,Ciro,.@yopmail.com,15.0,Guernsey,6,0
617,615,615,Margalo,Gert,.@yopmail.com,14.0,Ukraine,5,0
618,616,616,Adelle,Posner,.@yopmail.com,23.0,Djibouti,9,1
619,617,617,Wilma,Himelman,.@yopmail.com,1.0,Saint Pierre and Miquelon,8,0
620,618,618,Hannis,Grimbly,.@yopmail.com,5.0,Czech Republic,3,0
621,619,619,Katharina,Isidore,.@yopmail.com,20.0,Antigua and Barbuda,8,1
622,620,620,Phylis,Fabiola,.@yopmail.com,11.0,Lithuania,5,0
623,621,621,Britte,Zrike,.@yopmail.com,17.0,Slovenia,9,0
624,622,622,Lucy,Rozanna,.@yopmail.com,8.0,Mauritius,1,0
625,623,623,Christal,Georgy,.@yopmail.com,1.0,"Tanzania, United Republic of",2,0
626,624,624,Norine,Koehler,.@yopmail.com,3.0,Ukraine,8,0
627,625,625,Allyce,Croix,.@yopmail.com,15.0,Monaco,5,0
628,626,626,Karlee,Truc,.@yopmail.com,5.0,Cameroon,4,0
629,627,627,Max,Harriman,.@yopmail.com,23.0,"Korea, Democratic People""S Republic of",9,1
630,628,628,Jordan,Earlie,.@yopmail.com,1.0,San Marino,4,0
631,629,629,Wilma,Fillbert,.@yopmail.com,3.0,Jersey,1,0
632,630,630,Britte,Dom,.@yopmail.com,5.0,Myanmar,4,0
633,631,631,Nadine,Magdalen,.@yopmail.com,24.0,Syrian Arab Republic,9,1
634,632,632,Merrie,Ackerley,.@yopmail.com,11.0,Switzerland,4,0
635,633,633,Paule,Macey,.@yopmail.com,20.0,Bahrain,8,1
636,634,634,Charmaine,Raseda,.@yopmail.com,14.0,Costa Rica,8,0
637,635,635,Vinita,Ball,.@yopmail.com,12.0,Saint Lucia,5,0
638,636,636,Kirbee,Hartnett,.@yopmail.com,5.0,Peru,9,0
639,637,637,Gale,Cloris,.@yopmail.com,10.0,Denmark,7,0
640,638,638,Binny,Verger,.@yopmail.com,11.0,Trinidad and Tobago,4,0
641,639,639,Elmira,Fiann,.@yopmail.com,17.0,Romania,9,0
642,640,640,Brynna,Bury,.@yopmail.com,24.0,Finland,9,1
643,641,641,Danny,Uird,.@yopmail.com,22.0,Grenada,9,1
644,642,642,Kimmy,Naashom,.@yopmail.com,13.0,Cyprus,2,0
645,643,643,Estell,Isacco,.@yopmail.com,11.0,Ireland,5,0
646,644,644,Jacenta,Guthrie,.@yopmail.com,19.0,French Polynesia,9,1
647,645,645,Frank,Olympium,.@yopmail.com,6.0,"Iran, Islamic Republic Of",3,0
648,646,646,Renie,Faso,.@yopmail.com,20.0,United Kingdom,9,1
649,647,647,Felice,Miru,.@yopmail.com,10.0,Czech Republic,3,0
650,648,648,Georgetta,Valerio,.@yopmail.com,20.0,Belarus,9,1
651,649,649,Agnese,Weaks,.@yopmail.com,2.0,United Kingdom,2,0
652,650,650,Jean,Gombach,.@yopmail.com,23.0,Maldives,8,1
653,651,651,Florencia,Nedrud,.@yopmail.com,4.0,Papua New Guinea,8,0
654,652,652,Thalia,Posner,.@yopmail.com,24.0,Finland,9,1
655,653,653,Pearline,Arvo,.@yopmail.com,1.0,Belgium,6,0
656,654,654,Angela,Brandice,.@yopmail.com,18.0,Japan,9,1
657,655,655,Sherrie,Kesley,.@yopmail.com,1.0,Holy See (Vatican City State),3,0
658,656,656,Harrietta,Talia,.@yopmail.com,2.0,Cayman Islands,6,0
659,657,657,Gabriellia,Lipson,.@yopmail.com,14.0,Namibia,9,0
660,658,658,Ronna,Iphlgenia,.@yopmail.com,16.0,Belarus,9,0
661,659,659,Sidoney,Rodmann,.@yopmail.com,16.0,Comoros,8,0
662,660,660,Ketti,Xerxes,.@yopmail.com,10.0,Bermuda,6,0
663,661,661,Susette,Marden,.@yopmail.com,12.0,Nauru,4,0
664,662,662,Imojean,Barrus,.@yopmail.com,18.0,Burundi,8,1
665,663,663,Zsa Zsa,Jillane,.@yopmail.com,8.0,Serbia and Montenegro,9,0
666,664,664,Kristina,Giff,.@yopmail.com,9.0,Hungary,4,0
667,665,665,Rivalee,Kesley,.@yopmail.com,1.0,"Lao People""S Democratic Republic",2,0
668,666,666,Tani,Weitman,.@yopmail.com,2.0,Chile,9,0
669,667,667,Verla,Codding,.@yopmail.com,7.0,Venezuela,7,0
670,668,668,Nita,Ethban,.@yopmail.com,23.0,Liechtenstein,9,1
671,669,669,Albertina,Cornelia,.@yopmail.com,1.0,Montserrat,4,0
672,670,670,Stephanie,Norrie,.@yopmail.com,19.0,Mozambique,8,1
673,671,671,Yvonne,Robertson,.@yopmail.com,9.0,Singapore,8,0
674,672,672,Meg,Rad,.@yopmail.com,16.0,Tajikistan,8,0
675,673,673,Bobinette,Weitman,.@yopmail.com,6.0,El Salvador,2,0
676,674,674,Carol-Jean,Hoban,.@yopmail.com,20.0,Mali,8,1
677,675,675,Emylee,Cottle,.@yopmail.com,16.0,Sao Tome and Principe,9,0
678,676,676,Ermengarde,Pyle,.@yopmail.com,10.0,Bhutan,8,0
679,677,677,Corina,Calhoun,.@yopmail.com,4.0,RWANDA,5,0
680,678,678,Ann-Marie,Rosemary,.@yopmail.com,12.0,Finland,9,0
681,679,679,Rhoda,Nickola,.@yopmail.com,11.0,Argentina,9,0
682,680,680,Libbie,Birdella,.@yopmail.com,19.0,New Caledonia,8,1
683,681,681,Charlena,Alfons,.@yopmail.com,8.0,Libyan Arab Jamahiriya,4,0
684,682,682,Tani,Voletta,.@yopmail.com,6.0,Barbados,5,0
685,683,683,Kaia,Secrest,.@yopmail.com,9.0,Paraguay,4,0
686,684,684,Agnese,Cottle,.@yopmail.com,1.0,Zambia,3,0
687,685,685,Brooks,Ophelia,.@yopmail.com,18.0,Chad,8,1
688,686,686,Petronia,Chrystel,.@yopmail.com,9.0,Guernsey,6,0
689,687,687,Ginnie,Gualtiero,.@yopmail.com,20.0,Germany,9,1
690,688,688,Priscilla,Melan,.@yopmail.com,14.0,Northern Mariana Islands,1,0
691,689,689,Ursulina,Truc,.@yopmail.com,6.0,"Palestinian Territory, Occupied",5,0
692,690,690,Sadie,My,.@yopmail.com,16.0,Bahamas,8,0
693,691,691,Sashenka,Nahum,.@yopmail.com,1.0,Papua New Guinea,3,0
694,692,692,Laurene,Haldas,.@yopmail.com,4.0,Poland,9,0
695,693,693,Shaylyn,Honoria,.@yopmail.com,4.0,Niue,3,0
696,694,694,Nariko,Elisha,.@yopmail.com,1.0,Lebanon,1,0
697,695,695,Chrystel,Crudden,.@yopmail.com,13.0,Holy See (Vatican City State),5,0
698,696,696,Ira,Delila,.@yopmail.com,17.0,Mozambique,8,0
699,697,697,Danika,Frodi,.@yopmail.com,7.0,Costa Rica,3,0
700,698,698,Hyacinthe,Felizio,.@yopmail.com,5.0,Australia,2,0
701,699,699,Rochette,Colbert,.@yopmail.com,3.0,Bouvet Island,1,0
702,700,700,Linet,Horan,.@yopmail.com,8.0,Eritrea,2,0
703,701,701,Ethel,Sharl,.@yopmail.com,10.0,Belgium,7,0
704,702,702,Laure,Gabrielli,.@yopmail.com,19.0,Mexico,9,1
705,703,703,Kathy,Joni,.@yopmail.com,23.0,Uganda,8,1
706,704,704,Caritta,Wu,.@yopmail.com,2.0,Cambodia,9,0
707,705,705,Bernardine,Flita,.@yopmail.com,21.0,Puerto Rico,9,1
708,706,706,Meriel,Kiyoshi,.@yopmail.com,8.0,Canada,8,0
709,707,707,Ardeen,Melony,.@yopmail.com,16.0,Bouvet Island,8,0
710,708,708,Drucie,Hanshaw,.@yopmail.com,20.0,Antarctica,8,1
711,709,709,Nessie,Bartlett,.@yopmail.com,1.0,New Caledonia,1,0
712,710,710,Patricia,Pitt,.@yopmail.com,12.0,Åland Islands,8,0
713,711,711,Maud,Freddi,.@yopmail.com,23.0,Martinique,9,1
714,712,712,Loree,Jehu,.@yopmail.com,17.0,Cuba,9,0
715,713,713,Norine,Orpah,.@yopmail.com,18.0,Zambia,9,1
716,714,714,Mary,Ingra,.@yopmail.com,21.0,Anguilla,8,1
717,715,715,Nananne,Dorine,.@yopmail.com,9.0,Guatemala,3,0
718,716,716,Fanny,Peg,.@yopmail.com,6.0,Botswana,2,0
719,717,717,Ernesta,Flita,.@yopmail.com,24.0,Christmas Island,8,1
720,718,718,Vivia,McCutcheon,.@yopmail.com,11.0,Trinidad and Tobago,7,0
721,719,719,Linet,Mullane,.@yopmail.com,1.0,Turks and Caicos Islands,8,0
722,720,720,Larine,Lilas,.@yopmail.com,11.0,Turks and Caicos Islands,9,0
723,721,721,Hettie,Phaidra,.@yopmail.com,20.0,Yemen,8,1
724,722,722,Myrtice,Rhu,.@yopmail.com,15.0,Isle of Man,6,0
725,723,723,Renie,Camden,.@yopmail.com,1.0,Botswana,6,0
726,724,724,Sindee,Tayib,.@yopmail.com,23.0,Cuba,8,1
727,725,725,Raf,Darrell,.@yopmail.com,15.0,Philippines,7,0
728,726,726,Karena,Bertold,.@yopmail.com,3.0,Cayman Islands,7,0
729,727,727,Janis,Sherrie,.@yopmail.com,18.0,Guinea-Bissau,9,1
730,728,728,Roxane,Presber,.@yopmail.com,14.0,Guadeloupe,9,0
731,729,729,Leeanne,Natica,.@yopmail.com,11.0,Guadeloupe,3,0
732,730,730,Mahalia,Alva,.@yopmail.com,22.0,Guinea,9,1
733,731,731,Wileen,Kermit,.@yopmail.com,4.0,Serbia and Montenegro,1,0
734,732,732,Kittie,Valerio,.@yopmail.com,20.0,Guam,8,1
735,733,733,Valera,Dielu,.@yopmail.com,19.0,Botswana,8,1
736,734,734,Hermione,Carey,.@yopmail.com,21.0,French Guiana,8,1
737,735,735,Sharai,Bronk,.@yopmail.com,4.0,Bolivia,8,0
738,736,736,Charmaine,Erskine,.@yopmail.com,23.0,Cuba,9,1
739,737,737,Morganica,Joni,.@yopmail.com,19.0,"Moldova, Republic of",9,1
740,738,738,Concettina,Vittoria,.@yopmail.com,1.0,Bosnia and Herzegovina,1,0
741,739,739,Sheree,Naor,.@yopmail.com,12.0,Mozambique,7,0
742,740,740,Chrystel,Seligman,.@yopmail.com,16.0,Niue,8,0
743,741,741,Arlena,Delila,.@yopmail.com,16.0,Thailand,9,0
744,742,742,Wendi,Hathaway,.@yopmail.com,11.0,"Congo, The Democratic Republic of the",3,0
745,743,743,Elka,Therine,.@yopmail.com,21.0,New Zealand,8,1
746,744,744,Madalyn,Abernon,.@yopmail.com,16.0,Palau,8,0
747,745,745,Maurene,Tremayne,.@yopmail.com,4.0,Kuwait,1,0
748,746,746,Nollie,Cyrie,.@yopmail.com,1.0,Oman,6,0
749,747,747,Dagmar,Revkah,.@yopmail.com,22.0,Switzerland,8,1
750,748,748,Shaine,Jalbert,.@yopmail.com,4.0,Sao Tome and Principe,6,0
751,749,749,Marcy,Earlie,.@yopmail.com,6.0,Suriname,7,0
752,750,750,Winny,Alrich,.@yopmail.com,19.0,Samoa,9,1
753,751,751,Lisette,Atonsah,.@yopmail.com,15.0,Latvia,6,0
754,752,752,Sheree,Ledah,.@yopmail.com,9.0,Philippines,1,0
755,753,753,Damaris,Erminia,.@yopmail.com,12.0,Botswana,8,0
756,754,754,Lanae,Bach,.@yopmail.com,17.0,Malawi,9,0
757,755,755,Peri,Naashom,.@yopmail.com,13.0,Ecuador,8,0
758,756,756,Hettie,Allina,.@yopmail.com,24.0,Saint Vincent and the Grenadines,8,1
759,757,757,Carol-Jean,Ax,.@yopmail.com,13.0,Central African Republic,2,0
760,758,758,Flory,Decato,.@yopmail.com,24.0,Israel,9,1
761,759,759,Noelle,Allys,.@yopmail.com,10.0,Western Sahara,6,0
762,760,760,Tani,Helfand,.@yopmail.com,24.0,Canada,8,1
763,761,761,Margalo,Pattin,.@yopmail.com,14.0,Puerto Rico,1,0
764,762,762,Clarice,Goddard,.@yopmail.com,14.0,Djibouti,8,0
765,763,763,Genevra,Clie,.@yopmail.com,24.0,Mali,8,1
766,764,764,Cacilie,Guthrie,.@yopmail.com,11.0,Nepal,9,0
767,765,765,Clo,Jerold,.@yopmail.com,12.0,Philippines,1,0
768,766,766,Myriam,Pauly,.@yopmail.com,13.0,Botswana,4,0
769,767,767,Dode,Zetta,.@yopmail.com,7.0,Bosnia and Herzegovina,2,0
770,768,768,Celene,Presber,.@yopmail.com,22.0,French Polynesia,9,1
771,769,769,Bettine,Schlosser,.@yopmail.com,8.0,Jordan,6,0
772,770,770,Gretal,Elisha,.@yopmail.com,1.0,Italy,5,0
773,771,771,Nicoli,Grosz,.@yopmail.com,10.0,Spain,7,0
774,772,772,Rori,Keily,.@yopmail.com,13.0,Bhutan,9,0
775,773,773,Edyth,Croix,.@yopmail.com,14.0,Samoa,5,0
776,774,774,Dorice,Shaver,.@yopmail.com,15.0,United Arab Emirates,9,0
777,775,775,Meg,Corilla,.@yopmail.com,17.0,Bosnia and Herzegovina,8,0
778,776,776,Angela,Colbert,.@yopmail.com,16.0,Madagascar,9,0
779,777,777,Katharina,Nerita,.@yopmail.com,4.0,Sao Tome and Principe,3,0
780,778,778,Viki,Marlie,.@yopmail.com,1.0,Ukraine,2,0
781,779,779,Charmaine,Ricarda,.@yopmail.com,18.0,El Salvador,8,1
782,780,780,Kristan,Schonfeld,.@yopmail.com,10.0,Egypt,1,0
783,781,781,Dania,Kendrick,.@yopmail.com,10.0,Saint Kitts and Nevis,1,0
784,782,782,Siana,Haerr,.@yopmail.com,15.0,Guam,6,0
785,783,783,Rivalee,Kiyoshi,.@yopmail.com,1.0,Senegal,5,0
786,784,784,Carilyn,Melan,.@yopmail.com,19.0,Isle of Man,8,1
787,785,785,Debee,Daniele,.@yopmail.com,7.0,India,5,0
788,786,786,Sissy,Aldric,.@yopmail.com,9.0,Nicaragua,7,0
789,787,787,Linet,Verger,.@yopmail.com,3.0,Cocos (Keeling) Islands,4,0
790,788,788,Therine,Peonir,.@yopmail.com,18.0,Libyan Arab Jamahiriya,9,1
791,789,789,Lacie,Matthew,.@yopmail.com,18.0,Belize,9,1
792,790,790,Karolina,Geffner,.@yopmail.com,13.0,Jordan,2,0
793,791,791,Tabbatha,Sothena,.@yopmail.com,4.0,Kyrgyzstan,3,0
794,792,792,Robbi,Reneta,.@yopmail.com,22.0,Benin,8,1
795,793,793,Kaia,Prober,.@yopmail.com,10.0,Ireland,9,0
796,794,794,Phedra,Randene,.@yopmail.com,12.0,Zambia,3,0
797,795,795,Florie,Loeb,.@yopmail.com,18.0,Viet Nam,9,1
798,796,796,Leona,Lilybelle,.@yopmail.com,18.0,Congo,9,1
799,797,797,Flory,Luhe,.@yopmail.com,13.0,Central African Republic,2,0
800,798,798,Morganica,Wilona,.@yopmail.com,1.0,Bulgaria,6,0
801,799,799,Sandie,Jena,.@yopmail.com,22.0,Guadeloupe,8,1
802,800,800,Kimmy,Bultman,.@yopmail.com,8.0,El Salvador,4,0
803,801,801,Dorice,Cutlerr,.@yopmail.com,14.0,Somalia,8,0
804,802,802,Jacenta,Gilmour,.@yopmail.com,13.0,Romania,4,0
805,803,803,Susette,Therine,.@yopmail.com,15.0,Colombia,7,0
806,804,804,Dorthy,Timon,.@yopmail.com,13.0,China,8,0
807,805,805,Aubrie,Amadas,.@yopmail.com,18.0,Czech Republic,9,1
808,806,806,Sadie,Elo,.@yopmail.com,4.0,Guyana,9,0
809,807,807,Karly,Jerold,.@yopmail.com,3.0,Azerbaijan,5,0
810,808,808,Hope,Keelia,.@yopmail.com,15.0,Swaziland,3,0
811,809,809,Lenna,Winthorpe,.@yopmail.com,9.0,Antigua and Barbuda,6,0
812,810,810,Phylis,Sprage,.@yopmail.com,18.0,RWANDA,8,1
813,811,811,Albertina,Schlosser,.@yopmail.com,23.0,Malawi,9,1
814,812,812,Sherrie,Macey,.@yopmail.com,1.0,France,5,0
815,813,813,Gerianna,Carleen,.@yopmail.com,9.0,Reunion,2,0
816,814,814,Kaia,Raffo,.@yopmail.com,6.0,Uganda,3,0
817,815,815,Maryellen,Kauppi,.@yopmail.com,9.0,Turkey,2,0
818,816,816,Adriana,Crudden,.@yopmail.com,10.0,El Salvador,4,0
819,817,817,Kore,Graig,.@yopmail.com,8.0,Oman,2,0
820,818,818,Allyce,Zetta,.@yopmail.com,12.0,Algeria,6,0
821,819,819,Sheree,Cherianne,.@yopmail.com,20.0,Norfolk Island,9,1
822,820,820,Jillayne,Teddman,.@yopmail.com,7.0,Bangladesh,9,0
823,821,821,Thalia,Brittani,.@yopmail.com,16.0,Tunisia,9,0
824,822,822,Vinita,Bebe,.@yopmail.com,11.0,Spain,7,0
825,823,823,Fanny,Gordon,.@yopmail.com,21.0,Greece,9,1
826,824,824,Catrina,Haerr,.@yopmail.com,24.0,Angola,8,1
827,825,825,Britni,Howlyn,.@yopmail.com,23.0,Mongolia,8,1
828,826,826,Robbi,Tippets,.@yopmail.com,11.0,Oman,9,0
829,827,827,Judy,Berard,.@yopmail.com,23.0,Barbados,8,1
830,828,828,Lory,Kirstin,.@yopmail.com,14.0,Maldives,1,0
831,829,829,Silvana,Zina,.@yopmail.com,16.0,Nigeria,9,0
832,830,830,Catrina,Darbie,.@yopmail.com,24.0,El Salvador,8,1
833,831,831,Micheline,Aprile,.@yopmail.com,8.0,"Tanzania, United Republic of",6,0
834,832,832,Allis,Flita,.@yopmail.com,14.0,Estonia,7,0
835,833,833,Alia,Tybald,.@yopmail.com,8.0,Cambodia,6,0
836,834,834,Donnie,Hubert,.@yopmail.com,19.0,Niue,8,1
837,835,835,Brandise,Schonfeld,.@yopmail.com,4.0,Canada,6,0
838,836,836,Marylou,Callista,.@yopmail.com,6.0,Lebanon,3,0
839,837,837,Johna,Adamsen,.@yopmail.com,19.0,Congo,8,1
840,838,838,Loree,Longfellow,.@yopmail.com,11.0,Gibraltar,4,0
841,839,839,Carlie,Blase,.@yopmail.com,19.0,Honduras,9,1
842,840,840,Anthia,Carri,.@yopmail.com,9.0,New Caledonia,3,0
843,841,841,Tilly,Tacye,.@yopmail.com,18.0,Mexico,8,1
844,842,842,Ricky,Ethban,.@yopmail.com,8.0,Brunei Darussalam,3,0
845,843,843,Dale,Hewitt,.@yopmail.com,3.0,Guernsey,8,0
846,844,844,Annecorinne,Shields,.@yopmail.com,3.0,United Arab Emirates,4,0
847,845,845,Berget,Jacinda,.@yopmail.com,2.0,Ireland,7,0
848,846,846,Roz,Vilma,.@yopmail.com,13.0,Mayotte,8,0
849,847,847,Talya,Angelis,.@yopmail.com,18.0,Jamaica,9,1
850,848,848,Beatriz,Lumbard,.@yopmail.com,13.0,Uzbekistan,4,0
851,849,849,Fred,Yate,.@yopmail.com,18.0,Slovakia,8,1
852,850,850,Roxane,Evvie,.@yopmail.com,5.0,New Caledonia,4,0
853,851,851,Marnia,Zenas,.@yopmail.com,13.0,Niue,1,0
854,852,852,Larine,Ashely,.@yopmail.com,13.0,Switzerland,8,0
855,853,853,Perry,Rebecka,.@yopmail.com,18.0,Lesotho,9,1
856,854,854,Jere,McClimans,.@yopmail.com,8.0,"Cote D""Ivoire",3,0
857,855,855,Kerrin,Vary,.@yopmail.com,18.0,Bosnia and Herzegovina,8,1
858,856,856,Laurene,Jagir,.@yopmail.com,4.0,Ireland,7,0
859,857,857,Veda,Margret,.@yopmail.com,18.0,Romania,9,1
860,858,858,Rosanne,Gamaliel,.@yopmail.com,8.0,United States Minor Outlying Islands,7,0
861,859,859,Alyda,Sidonius,.@yopmail.com,7.0,Christmas Island,8,0
862,860,860,Dianemarie,Lowry,.@yopmail.com,9.0,Monaco,3,0
863,861,861,Meg,Vacuva,.@yopmail.com,3.0,Estonia,8,0
864,862,862,Jan,Urania,.@yopmail.com,12.0,Panama,6,0
865,863,863,Jennica,Wattenberg,.@yopmail.com,10.0,Cyprus,2,0
866,864,864,Sheree,Magnolia,.@yopmail.com,3.0,Solomon Islands,3,0
867,865,865,Kimmy,Engdahl,.@yopmail.com,15.0,Jersey,2,0
868,866,866,Jillayne,Gemini,.@yopmail.com,17.0,India,8,0
869,867,867,Jackie,Fennessy,.@yopmail.com,18.0,Brunei Darussalam,9,1
870,868,868,Misha,Grimbly,.@yopmail.com,18.0,AndorrA,9,1
871,869,869,Emmey,Dalli,.@yopmail.com,9.0,Cameroon,7,0
872,870,870,Starla,Melony,.@yopmail.com,8.0,Saudi Arabia,4,0
873,871,871,Willetta,Eldrid,.@yopmail.com,22.0,Nigeria,9,1
874,872,872,Julieta,Gibbeon,.@yopmail.com,17.0,El Salvador,9,0
875,873,873,Maurene,Dunkin,.@yopmail.com,7.0,"Iran, Islamic Republic Of",6,0
876,874,874,Basia,Hanshaw,.@yopmail.com,19.0,Equatorial Guinea,9,1
877,875,875,Dari,Tannie,.@yopmail.com,6.0,Guinea-Bissau,5,0
878,876,876,Rebeca,Belanger,.@yopmail.com,16.0,Saint Helena,8,0
879,877,877,Rochette,Henebry,.@yopmail.com,14.0,Grenada,1,0
880,878,878,Flory,Marsden,.@yopmail.com,19.0,Norway,9,1
881,879,879,Meghann,Claudine,.@yopmail.com,22.0,Israel,9,1
882,880,880,Jacquetta,Christal,.@yopmail.com,16.0,Thailand,9,0
883,881,881,Corry,Ivens,.@yopmail.com,10.0,Ireland,2,0
884,882,882,Alleen,Aprile,.@yopmail.com,11.0,Saint Lucia,7,0
885,883,883,Alyssa,Harned,.@yopmail.com,8.0,Jordan,5,0
886,884,884,Damaris,Alisia,.@yopmail.com,19.0,Kazakhstan,8,1
887,885,885,Nollie,Burch,.@yopmail.com,9.0,Albania,1,0
888,886,886,Donnie,Elisha,.@yopmail.com,21.0,Cuba,8,1
889,887,887,Julieta,Dash,.@yopmail.com,14.0,Saint Kitts and Nevis,2,0
890,888,888,Ivett,Guthrie,.@yopmail.com,13.0,Guam,7,0
891,889,889,Wileen,Nelsen,.@yopmail.com,19.0,Pakistan,8,1
892,890,890,Robinia,Vharat,.@yopmail.com,1.0,Faroe Islands,2,0
893,891,891,Loree,Valerio,.@yopmail.com,18.0,"Korea, Democratic People""S Republic of",9,1
894,892,892,Edee,Cavan,.@yopmail.com,21.0,Cayman Islands,9,1
895,893,893,Tomasina,Nance,.@yopmail.com,24.0,Sweden,8,1
896,894,894,Dacia,Sherrie,.@yopmail.com,14.0,Uganda,2,0
897,895,895,Hannis,Fillbert,.@yopmail.com,21.0,Malta,9,1
898,896,896,Tamqrah,Autrey,.@yopmail.com,19.0,Saudi Arabia,8,1
899,897,897,Annaliese,Ivens,.@yopmail.com,14.0,Honduras,4,0
900,898,898,Helena,Modie,.@yopmail.com,23.0,"Moldova, Republic of",9,1
901,899,899,Sidoney,Elisha,.@yopmail.com,14.0,Yemen,5,0
902,900,900,Susan,Saree,.@yopmail.com,20.0,Singapore,8,1
903,901,901,Melanie,Skell,.@yopmail.com,17.0,Guatemala,8,0
904,902,902,Shandie,Cookie,.@yopmail.com,3.0,Afghanistan,8,0
905,903,903,Mary,Clie,.@yopmail.com,19.0,French Polynesia,9,1
906,904,904,Ottilie,Argus,.@yopmail.com,6.0,"Korea, Republic of",4,0
907,905,905,Codie,Cohdwell,.@yopmail.com,22.0,Costa Rica,8,1
908,906,906,Nikki,Paton,.@yopmail.com,21.0,Philippines,9,1
909,907,907,Corene,Shirberg,.@yopmail.com,24.0,Cook Islands,8,1
910,908,908,Lelah,Maurine,.@yopmail.com,6.0,Slovakia,8,0
911,909,909,Kristan,Harday,.@yopmail.com,23.0,El Salvador,8,1
912,910,910,Rosabelle,Pozzy,.@yopmail.com,10.0,Cocos (Keeling) Islands,7,0
913,911,911,Diena,Tayib,.@yopmail.com,18.0,Eritrea,9,1
914,912,912,Sashenka,Alcott,.@yopmail.com,7.0,Dominica,9,0
915,913,913,Marsiella,Urias,.@yopmail.com,4.0,Mauritius,8,0
916,914,914,Jillayne,Vittoria,.@yopmail.com,1.0,Angola,8,0
917,915,915,Ermengarde,Glenden,.@yopmail.com,14.0,Albania,4,0
918,916,916,Teddie,Cherianne,.@yopmail.com,12.0,Saint Vincent and the Grenadines,8,0
919,917,917,Wanda,An,.@yopmail.com,11.0,Djibouti,9,0
920,918,918,Florencia,Hurley,.@yopmail.com,14.0,Eritrea,1,0
921,919,919,Gwenneth,Margarete,.@yopmail.com,22.0,British Indian Ocean Territory,8,1
922,920,920,Laurene,Schenck,.@yopmail.com,23.0,Slovenia,9,1
923,921,921,Codie,Travax,.@yopmail.com,8.0,Austria,1,0
924,922,922,Susette,Raul,.@yopmail.com,17.0,Belarus,9,0
925,923,923,Ulrike,Calhoun,.@yopmail.com,15.0,Norfolk Island,1,0
926,924,924,Hildegaard,Thema,.@yopmail.com,23.0,Nigeria,9,1
927,925,925,Edyth,Lubin,.@yopmail.com,19.0,Puerto Rico,8,1
928,926,926,Fanchon,Konyn,.@yopmail.com,14.0,Zambia,8,0
929,927,927,Annice,Jenness,.@yopmail.com,5.0,Gibraltar,6,0
930,928,928,Lelah,Fontana,.@yopmail.com,1.0,Niue,3,0
931,929,929,Libbie,Wildermuth,.@yopmail.com,6.0,Gabon,7,0
932,930,930,Ursulina,Dawkins,.@yopmail.com,22.0,Egypt,8,1
933,931,931,Emmey,O'Neill,.@yopmail.com,8.0,"Taiwan, Province of China",3,0
934,932,932,Mamie,Mozelle,.@yopmail.com,20.0,Senegal,9,1
935,933,933,Dyann,Bakerman,.@yopmail.com,20.0,Argentina,9,1
936,934,934,Dode,Gusella,.@yopmail.com,1.0,"Congo, The Democratic Republic of the",2,0
937,935,935,Binny,Dimitris,.@yopmail.com,2.0,"Cote D""Ivoire",3,0
938,936,936,Christian,Trey,.@yopmail.com,5.0,Heard Island and Mcdonald Islands,9,0
939,937,937,Caressa,Thomasina,.@yopmail.com,23.0,Morocco,8,1
940,938,938,Roz,Dulciana,.@yopmail.com,24.0,Anguilla,9,1
941,939,939,Briney,Ashok,.@yopmail.com,8.0,Guinea,9,0
942,940,940,Donnie,Autrey,.@yopmail.com,10.0,Liechtenstein,2,0
943,941,941,Agnese,Rese,.@yopmail.com,2.0,South Africa,7,0
944,942,942,Briney,Kristi,.@yopmail.com,10.0,American Samoa,2,0
945,943,943,Sybille,Simmonds,.@yopmail.com,24.0,Kuwait,9,1
946,944,944,Briney,Emmy,.@yopmail.com,7.0,Lithuania,1,0
947,945,945,Robbi,Byrne,.@yopmail.com,5.0,Iraq,9,0
948,946,946,Laurene,Gilbertson,.@yopmail.com,3.0,"Virgin Islands, British",9,0
949,947,947,Therine,Tice,.@yopmail.com,19.0,Mayotte,9,1
950,948,948,Max,Willie,.@yopmail.com,11.0,Sudan,4,0
951,949,949,Feliza,Felizio,.@yopmail.com,12.0,Sri Lanka,8,0
952,950,950,Dorice,Eugenia,.@yopmail.com,10.0,"Taiwan, Province of China",5,0
953,951,951,Nelle,Ax,.@yopmail.com,1.0,Falkland Islands (Malvinas),8,0
954,952,952,Zsa Zsa,Thunell,.@yopmail.com,10.0,Syrian Arab Republic,3,0
955,953,953,Ana,Louanna,.@yopmail.com,19.0,San Marino,9,1
956,954,954,Karolina,Blase,.@yopmail.com,22.0,El Salvador,9,1
957,955,955,Arlena,Orpah,.@yopmail.com,11.0,Czech Republic,1,0
958,956,956,Ayn,Anton,.@yopmail.com,19.0,Maldives,8,1
959,957,957,Yvonne,Ursulette,.@yopmail.com,6.0,Israel,9,0
960,958,958,Dominga,Leopold,.@yopmail.com,14.0,Guatemala,9,0
961,959,959,Margarette,Donell,.@yopmail.com,11.0,Lesotho,4,0
962,960,960,Marguerite,Wyn,.@yopmail.com,22.0,Swaziland,9,1
963,961,961,Lorne,Khorma,.@yopmail.com,16.0,United States,9,0
964,962,962,Tersina,Dulciana,.@yopmail.com,3.0,Bahrain,5,0
965,963,963,Minda,Payson,.@yopmail.com,5.0,Dominican Republic,3,0
966,964,964,Vonny,Guthrie,.@yopmail.com,24.0,French Polynesia,9,1
967,965,965,Gui,Vale,.@yopmail.com,17.0,San Marino,8,0
968,966,966,Dorene,Stevy,.@yopmail.com,3.0,Comoros,5,0
969,967,967,Jennica,Buttaro,.@yopmail.com,19.0,Lebanon,9,1
970,968,968,Penelopa,Zitvaa,.@yopmail.com,12.0,Saint Pierre and Miquelon,8,0
971,969,969,Carolina,Bohlin,.@yopmail.com,9.0,Saint Kitts and Nevis,3,0
972,970,970,Kenna,Shelba,.@yopmail.com,24.0,France,8,1
973,971,971,Tracey,Trinetta,.@yopmail.com,13.0,Samoa,3,0
974,972,972,Therine,Jethro,.@yopmail.com,13.0,Vanuatu,9,0
975,973,973,Fred,Naor,.@yopmail.com,24.0,Philippines,8,1
976,974,974,Tiffie,Darbie,.@yopmail.com,19.0,Mauritania,8,1
977,975,975,Averyl,Blisse,.@yopmail.com,6.0,Djibouti,9,0
978,976,976,Hildegaard,An,.@yopmail.com,13.0,Saint Kitts and Nevis,2,0
979,977,977,Lanae,Corilla,.@yopmail.com,24.0,Kazakhstan,8,1
980,978,978,Angela,Ochs,.@yopmail.com,16.0,"Lao People""S Democratic Republic",8,0
981,979,979,Charlena,Drus,.@yopmail.com,5.0,Madagascar,4,0
982,980,980,Renae,Terencio,.@yopmail.com,18.0,Brunei Darussalam,8,1
983,981,981,Leeanne,Cleo,.@yopmail.com,11.0,El Salvador,4,0
984,982,982,Hildegaard,Sherrie,.@yopmail.com,13.0,Bermuda,9,0
985,983,983,Brandise,Eldrid,.@yopmail.com,24.0,Niue,9,1
986,984,984,Nannie,Stanwood,.@yopmail.com,15.0,Tunisia,2,0
987,985,985,Lynea,Lubin,.@yopmail.com,1.0,Jordan,9,0
988,986,986,Madeleine,Revkah,.@yopmail.com,4.0,Bermuda,6,0
989,987,987,Rani,Salvidor,.@yopmail.com,4.0,Ghana,5,0
990,988,988,Melina,Edvard,.@yopmail.com,11.0,Singapore,3,0
991,989,989,Vevay,Justinn,.@yopmail.com,15.0,Sweden,5,0
992,990,990,Dotty,Cullin,.@yopmail.com,16.0,Spain,9,0
993,991,991,Nanete,Damarra,.@yopmail.com,14.0,Suriname,9,0
994,992,992,Moyna,Alarise,.@yopmail.com,3.0,Fiji,6,0
995,993,993,Magdalena,Krystle,.@yopmail.com,7.0,Cook Islands,9,0
996,994,994,Di,Quinn,.@yopmail.com,22.0,Djibouti,8,1
997,995,995,Minne,Pandolfi,.@yopmail.com,5.0,Tunisia,3,0
998,996,996,Cindelyn,Colp,.@yopmail.com,14.0,Lesotho,9,0
999,997,997,Brianna,Posner,.@yopmail.com,21.0,Guernsey,9,1
1000,998,998,Hyacinthe,Croix,.@yopmail.com,19.0,Israel,8,1
1001,999,999,Emma,Fosque,.@yopmail.com,6.0,Wallis and Futuna,6,0
